image_found,image_path
1613.jpg,../../storage/datas/imgs/bad_images/1613.jpg
4760.jpg,../../storage/datas/imgs/bad_images/4760.jpg
5379.jpg,../../storage/datas/imgs/bad_images/5379.jpg
6630.jpg,../../storage/datas/imgs/bad_images/6630.jpg
6631.jpg,../../storage/datas/imgs/bad_images/6631.jpg
6635.jpg,../../storage/datas/imgs/bad_images/6635.jpg
7238.jpg,../../storage/datas/imgs/bad_images/7238.jpg
7240.jpg,../../storage/datas/imgs/bad_images/7240.jpg
8559.jpg,../../storage/datas/imgs/bad_images/8559.jpg
9199.jpg,../../storage/datas/imgs/bad_images/9199.jpg
9633.jpg,../../storage/datas/imgs/bad_images/9633.jpg
10179.jpg,../../storage/datas/imgs/bad_images/10179.jpg
10180.jpg,../../storage/datas/imgs/bad_images/10180.jpg
11365.jpg,../../storage/datas/imgs/bad_images/11365.jpg
11366.jpg,../../storage/datas/imgs/bad_images/11366.jpg
11367.jpg,../../storage/datas/imgs/bad_images/11367.jpg
11929.jpg,../../storage/datas/imgs/bad_images/11929.jpg
11934.jpg,../../storage/datas/imgs/bad_images/11934.jpg
11935.jpg,../../storage/datas/imgs/bad_images/11935.jpg
11936.jpg,../../storage/datas/imgs/bad_images/11936.jpg
11937.jpg,../../storage/datas/imgs/bad_images/11937.jpg
11945.jpg,../../storage/datas/imgs/bad_images/11945.jpg
11946.jpg,../../storage/datas/imgs/bad_images/11946.jpg
11968.jpg,../../storage/datas/imgs/bad_images/11968.jpg
11969.jpg,../../storage/datas/imgs/bad_images/11969.jpg
12448.jpg,../../storage/datas/imgs/bad_images/12448.jpg
12449.jpg,../../storage/datas/imgs/bad_images/12449.jpg
12450.jpg,../../storage/datas/imgs/bad_images/12450.jpg
12829.jpg,../../storage/datas/imgs/bad_images/12829.jpg
12833.jpg,../../storage/datas/imgs/bad_images/12833.jpg
12834.jpg,../../storage/datas/imgs/bad_images/12834.jpg
15023.jpg,../../storage/datas/imgs/bad_images/15023.jpg
15257.jpg,../../storage/datas/imgs/bad_images/15257.jpg
15258.jpg,../../storage/datas/imgs/bad_images/15258.jpg
15310.jpg,../../storage/datas/imgs/bad_images/15310.jpg
15315.jpg,../../storage/datas/imgs/bad_images/15315.jpg
15316.jpg,../../storage/datas/imgs/bad_images/15316.jpg
15317.jpg,../../storage/datas/imgs/bad_images/15317.jpg
16434.jpg,../../storage/datas/imgs/bad_images/16434.jpg
16895.jpg,../../storage/datas/imgs/bad_images/16895.jpg
16938.jpg,../../storage/datas/imgs/bad_images/16938.jpg
17030.jpg,../../storage/datas/imgs/bad_images/17030.jpg
17040.jpg,../../storage/datas/imgs/bad_images/17040.jpg
17178.jpg,../../storage/datas/imgs/bad_images/17178.jpg
17476.jpg,../../storage/datas/imgs/bad_images/17476.jpg
17497.jpg,../../storage/datas/imgs/bad_images/17497.jpg
17613.jpg,../../storage/datas/imgs/bad_images/17613.jpg
17643.jpg,../../storage/datas/imgs/bad_images/17643.jpg
17681.jpg,../../storage/datas/imgs/bad_images/17681.jpg
18008.jpg,../../storage/datas/imgs/bad_images/18008.jpg
18034.jpg,../../storage/datas/imgs/bad_images/18034.jpg
18171.jpg,../../storage/datas/imgs/bad_images/18171.jpg
19567.jpg,../../storage/datas/imgs/bad_images/19567.jpg
19568.jpg,../../storage/datas/imgs/bad_images/19568.jpg
19574.jpg,../../storage/datas/imgs/bad_images/19574.jpg
19575.jpg,../../storage/datas/imgs/bad_images/19575.jpg
19576.jpg,../../storage/datas/imgs/bad_images/19576.jpg
19577.jpg,../../storage/datas/imgs/bad_images/19577.jpg
19600.jpg,../../storage/datas/imgs/bad_images/19600.jpg
19601.jpg,../../storage/datas/imgs/bad_images/19601.jpg
19602.jpg,../../storage/datas/imgs/bad_images/19602.jpg
19622.jpg,../../storage/datas/imgs/bad_images/19622.jpg
20564.jpg,../../storage/datas/imgs/bad_images/20564.jpg
20575.jpg,../../storage/datas/imgs/bad_images/20575.jpg
21068.jpg,../../storage/datas/imgs/bad_images/21068.jpg
23884.jpg,../../storage/datas/imgs/bad_images/23884.jpg
25642.jpg,../../storage/datas/imgs/bad_images/25642.jpg
27057.jpg,../../storage/datas/imgs/bad_images/27057.jpg
27058.jpg,../../storage/datas/imgs/bad_images/27058.jpg
27098.jpg,../../storage/datas/imgs/bad_images/27098.jpg
27099.jpg,../../storage/datas/imgs/bad_images/27099.jpg
27100.jpg,../../storage/datas/imgs/bad_images/27100.jpg
27101.jpg,../../storage/datas/imgs/bad_images/27101.jpg
30485.jpg,../../storage/datas/imgs/bad_images/30485.jpg
34220.jpg,../../storage/datas/imgs/bad_images/34220.jpg
35928.jpg,../../storage/datas/imgs/bad_images/35928.jpg
36753.jpg,../../storage/datas/imgs/bad_images/36753.jpg
36754.jpg,../../storage/datas/imgs/bad_images/36754.jpg
36755.jpg,../../storage/datas/imgs/bad_images/36755.jpg
36756.jpg,../../storage/datas/imgs/bad_images/36756.jpg
36762.jpg,../../storage/datas/imgs/bad_images/36762.jpg
36776.jpg,../../storage/datas/imgs/bad_images/36776.jpg
37315.jpg,../../storage/datas/imgs/bad_images/37315.jpg
43382.jpg,../../storage/datas/imgs/bad_images/43382.jpg
43553.jpg,../../storage/datas/imgs/bad_images/43553.jpg
43554.jpg,../../storage/datas/imgs/bad_images/43554.jpg
43555.jpg,../../storage/datas/imgs/bad_images/43555.jpg
45483.jpg,../../storage/datas/imgs/bad_images/45483.jpg
45484.jpg,../../storage/datas/imgs/bad_images/45484.jpg
45485.jpg,../../storage/datas/imgs/bad_images/45485.jpg
45866.jpg,../../storage/datas/imgs/bad_images/45866.jpg
45867.jpg,../../storage/datas/imgs/bad_images/45867.jpg
45868.jpg,../../storage/datas/imgs/bad_images/45868.jpg
46309.jpg,../../storage/datas/imgs/bad_images/46309.jpg
46310.jpg,../../storage/datas/imgs/bad_images/46310.jpg
46311.jpg,../../storage/datas/imgs/bad_images/46311.jpg
51432.jpg,../../storage/datas/imgs/bad_images/51432.jpg
51433.jpg,../../storage/datas/imgs/bad_images/51433.jpg
54617.jpg,../../storage/datas/imgs/bad_images/54617.jpg
55827.jpg,../../storage/datas/imgs/bad_images/55827.jpg
55828.jpg,../../storage/datas/imgs/bad_images/55828.jpg
55898.jpg,../../storage/datas/imgs/bad_images/55898.jpg
55968.jpg,../../storage/datas/imgs/bad_images/55968.jpg
55969.jpg,../../storage/datas/imgs/bad_images/55969.jpg
56506.jpg,../../storage/datas/imgs/bad_images/56506.jpg
62125.jpg,../../storage/datas/imgs/bad_images/62125.jpg
63565.jpg,../../storage/datas/imgs/bad_images/63565.jpg
63574.jpg,../../storage/datas/imgs/bad_images/63574.jpg
63575.jpg,../../storage/datas/imgs/bad_images/63575.jpg
63576.jpg,../../storage/datas/imgs/bad_images/63576.jpg
63694.jpg,../../storage/datas/imgs/bad_images/63694.jpg
63729.jpg,../../storage/datas/imgs/bad_images/63729.jpg
63730.jpg,../../storage/datas/imgs/bad_images/63730.jpg
63731.jpg,../../storage/datas/imgs/bad_images/63731.jpg
63803.jpg,../../storage/datas/imgs/bad_images/63803.jpg
63805.jpg,../../storage/datas/imgs/bad_images/63805.jpg
63806.jpg,../../storage/datas/imgs/bad_images/63806.jpg
63809.jpg,../../storage/datas/imgs/bad_images/63809.jpg
63829.jpg,../../storage/datas/imgs/bad_images/63829.jpg
63830.jpg,../../storage/datas/imgs/bad_images/63830.jpg
63831.jpg,../../storage/datas/imgs/bad_images/63831.jpg
63832.jpg,../../storage/datas/imgs/bad_images/63832.jpg
63852.jpg,../../storage/datas/imgs/bad_images/63852.jpg
63853.jpg,../../storage/datas/imgs/bad_images/63853.jpg
64967.jpg,../../storage/datas/imgs/bad_images/64967.jpg
65144.jpg,../../storage/datas/imgs/bad_images/65144.jpg
68600.jpg,../../storage/datas/imgs/bad_images/68600.jpg
68601.jpg,../../storage/datas/imgs/bad_images/68601.jpg
68658.jpg,../../storage/datas/imgs/bad_images/68658.jpg
68688.jpg,../../storage/datas/imgs/bad_images/68688.jpg
68703.jpg,../../storage/datas/imgs/bad_images/68703.jpg
69148.jpg,../../storage/datas/imgs/bad_images/69148.jpg
71000.jpg,../../storage/datas/imgs/bad_images/71000.jpg
72105.jpg,../../storage/datas/imgs/bad_images/72105.jpg
72106.jpg,../../storage/datas/imgs/bad_images/72106.jpg
72107.jpg,../../storage/datas/imgs/bad_images/72107.jpg
72182.jpg,../../storage/datas/imgs/bad_images/72182.jpg
72193.jpg,../../storage/datas/imgs/bad_images/72193.jpg
72432.jpg,../../storage/datas/imgs/bad_images/72432.jpg
79468.jpg,../../storage/datas/imgs/bad_images/79468.jpg
81562.jpg,../../storage/datas/imgs/bad_images/81562.jpg
83008.jpg,../../storage/datas/imgs/bad_images/83008.jpg
84498.jpg,../../storage/datas/imgs/bad_images/84498.jpg
84596.jpg,../../storage/datas/imgs/bad_images/84596.jpg
86660.jpg,../../storage/datas/imgs/bad_images/86660.jpg
86661.jpg,../../storage/datas/imgs/bad_images/86661.jpg
97247.jpg,../../storage/datas/imgs/bad_images/97247.jpg
97952.jpg,../../storage/datas/imgs/bad_images/97952.jpg
97953.jpg,../../storage/datas/imgs/bad_images/97953.jpg
97954.jpg,../../storage/datas/imgs/bad_images/97954.jpg
97957.jpg,../../storage/datas/imgs/bad_images/97957.jpg
97958.jpg,../../storage/datas/imgs/bad_images/97958.jpg
97960.jpg,../../storage/datas/imgs/bad_images/97960.jpg
98950.jpg,../../storage/datas/imgs/bad_images/98950.jpg
98951.jpg,../../storage/datas/imgs/bad_images/98951.jpg
99855.jpg,../../storage/datas/imgs/bad_images/99855.jpg
99856.jpg,../../storage/datas/imgs/bad_images/99856.jpg
99857.jpg,../../storage/datas/imgs/bad_images/99857.jpg
103678.jpg,../../storage/datas/imgs/bad_images/103678.jpg
104526.jpg,../../storage/datas/imgs/bad_images/104526.jpg
104605.jpg,../../storage/datas/imgs/bad_images/104605.jpg
106324.jpg,../../storage/datas/imgs/bad_images/106324.jpg
108551.jpg,../../storage/datas/imgs/bad_images/108551.jpg
109940.jpg,../../storage/datas/imgs/bad_images/109940.jpg
111290.jpg,../../storage/datas/imgs/bad_images/111290.jpg
111291.jpg,../../storage/datas/imgs/bad_images/111291.jpg
111292.jpg,../../storage/datas/imgs/bad_images/111292.jpg
111294.jpg,../../storage/datas/imgs/bad_images/111294.jpg
111295.jpg,../../storage/datas/imgs/bad_images/111295.jpg
111296.jpg,../../storage/datas/imgs/bad_images/111296.jpg
111297.jpg,../../storage/datas/imgs/bad_images/111297.jpg
111305.jpg,../../storage/datas/imgs/bad_images/111305.jpg
111306.jpg,../../storage/datas/imgs/bad_images/111306.jpg
111307.jpg,../../storage/datas/imgs/bad_images/111307.jpg
111308.jpg,../../storage/datas/imgs/bad_images/111308.jpg
111309.jpg,../../storage/datas/imgs/bad_images/111309.jpg
111314.jpg,../../storage/datas/imgs/bad_images/111314.jpg
111315.jpg,../../storage/datas/imgs/bad_images/111315.jpg
111316.jpg,../../storage/datas/imgs/bad_images/111316.jpg
111317.jpg,../../storage/datas/imgs/bad_images/111317.jpg
111318.jpg,../../storage/datas/imgs/bad_images/111318.jpg
111319.jpg,../../storage/datas/imgs/bad_images/111319.jpg
111320.jpg,../../storage/datas/imgs/bad_images/111320.jpg
111321.jpg,../../storage/datas/imgs/bad_images/111321.jpg
111322.jpg,../../storage/datas/imgs/bad_images/111322.jpg
111323.jpg,../../storage/datas/imgs/bad_images/111323.jpg
111608.jpg,../../storage/datas/imgs/bad_images/111608.jpg
111609.jpg,../../storage/datas/imgs/bad_images/111609.jpg
111610.jpg,../../storage/datas/imgs/bad_images/111610.jpg
112801.jpg,../../storage/datas/imgs/bad_images/112801.jpg
113560.jpg,../../storage/datas/imgs/bad_images/113560.jpg
113579.jpg,../../storage/datas/imgs/bad_images/113579.jpg
113700.jpg,../../storage/datas/imgs/bad_images/113700.jpg
114570.jpg,../../storage/datas/imgs/bad_images/114570.jpg
114571.jpg,../../storage/datas/imgs/bad_images/114571.jpg
114572.jpg,../../storage/datas/imgs/bad_images/114572.jpg
114573.jpg,../../storage/datas/imgs/bad_images/114573.jpg
114574.jpg,../../storage/datas/imgs/bad_images/114574.jpg
114575.jpg,../../storage/datas/imgs/bad_images/114575.jpg
114576.jpg,../../storage/datas/imgs/bad_images/114576.jpg
114577.jpg,../../storage/datas/imgs/bad_images/114577.jpg
114578.jpg,../../storage/datas/imgs/bad_images/114578.jpg
114579.jpg,../../storage/datas/imgs/bad_images/114579.jpg
114580.jpg,../../storage/datas/imgs/bad_images/114580.jpg
114581.jpg,../../storage/datas/imgs/bad_images/114581.jpg
114582.jpg,../../storage/datas/imgs/bad_images/114582.jpg
114583.jpg,../../storage/datas/imgs/bad_images/114583.jpg
114584.jpg,../../storage/datas/imgs/bad_images/114584.jpg
114585.jpg,../../storage/datas/imgs/bad_images/114585.jpg
114586.jpg,../../storage/datas/imgs/bad_images/114586.jpg
114587.jpg,../../storage/datas/imgs/bad_images/114587.jpg
114588.jpg,../../storage/datas/imgs/bad_images/114588.jpg
114589.jpg,../../storage/datas/imgs/bad_images/114589.jpg
114590.jpg,../../storage/datas/imgs/bad_images/114590.jpg
114591.jpg,../../storage/datas/imgs/bad_images/114591.jpg
114592.jpg,../../storage/datas/imgs/bad_images/114592.jpg
114593.jpg,../../storage/datas/imgs/bad_images/114593.jpg
114594.jpg,../../storage/datas/imgs/bad_images/114594.jpg
114595.jpg,../../storage/datas/imgs/bad_images/114595.jpg
114611.jpg,../../storage/datas/imgs/bad_images/114611.jpg
114612.jpg,../../storage/datas/imgs/bad_images/114612.jpg
114613.jpg,../../storage/datas/imgs/bad_images/114613.jpg
114614.jpg,../../storage/datas/imgs/bad_images/114614.jpg
114615.jpg,../../storage/datas/imgs/bad_images/114615.jpg
114616.jpg,../../storage/datas/imgs/bad_images/114616.jpg
114627.jpg,../../storage/datas/imgs/bad_images/114627.jpg
114628.jpg,../../storage/datas/imgs/bad_images/114628.jpg
114630.jpg,../../storage/datas/imgs/bad_images/114630.jpg
114634.jpg,../../storage/datas/imgs/bad_images/114634.jpg
114635.jpg,../../storage/datas/imgs/bad_images/114635.jpg
114636.jpg,../../storage/datas/imgs/bad_images/114636.jpg
114670.jpg,../../storage/datas/imgs/bad_images/114670.jpg
114671.jpg,../../storage/datas/imgs/bad_images/114671.jpg
114691.jpg,../../storage/datas/imgs/bad_images/114691.jpg
114695.jpg,../../storage/datas/imgs/bad_images/114695.jpg
114696.jpg,../../storage/datas/imgs/bad_images/114696.jpg
114708.jpg,../../storage/datas/imgs/bad_images/114708.jpg
114709.jpg,../../storage/datas/imgs/bad_images/114709.jpg
114710.jpg,../../storage/datas/imgs/bad_images/114710.jpg
114711.jpg,../../storage/datas/imgs/bad_images/114711.jpg
114712.jpg,../../storage/datas/imgs/bad_images/114712.jpg
114713.jpg,../../storage/datas/imgs/bad_images/114713.jpg
114714.jpg,../../storage/datas/imgs/bad_images/114714.jpg
114715.jpg,../../storage/datas/imgs/bad_images/114715.jpg
114722.jpg,../../storage/datas/imgs/bad_images/114722.jpg
114723.jpg,../../storage/datas/imgs/bad_images/114723.jpg
114724.jpg,../../storage/datas/imgs/bad_images/114724.jpg
114725.jpg,../../storage/datas/imgs/bad_images/114725.jpg
114726.jpg,../../storage/datas/imgs/bad_images/114726.jpg
114727.jpg,../../storage/datas/imgs/bad_images/114727.jpg
114728.jpg,../../storage/datas/imgs/bad_images/114728.jpg
114729.jpg,../../storage/datas/imgs/bad_images/114729.jpg
114730.jpg,../../storage/datas/imgs/bad_images/114730.jpg
114731.jpg,../../storage/datas/imgs/bad_images/114731.jpg
114732.jpg,../../storage/datas/imgs/bad_images/114732.jpg
114733.jpg,../../storage/datas/imgs/bad_images/114733.jpg
114734.jpg,../../storage/datas/imgs/bad_images/114734.jpg
114735.jpg,../../storage/datas/imgs/bad_images/114735.jpg
114736.jpg,../../storage/datas/imgs/bad_images/114736.jpg
114737.jpg,../../storage/datas/imgs/bad_images/114737.jpg
114738.jpg,../../storage/datas/imgs/bad_images/114738.jpg
114739.jpg,../../storage/datas/imgs/bad_images/114739.jpg
114740.jpg,../../storage/datas/imgs/bad_images/114740.jpg
114741.jpg,../../storage/datas/imgs/bad_images/114741.jpg
114742.jpg,../../storage/datas/imgs/bad_images/114742.jpg
114743.jpg,../../storage/datas/imgs/bad_images/114743.jpg
114744.jpg,../../storage/datas/imgs/bad_images/114744.jpg
114745.jpg,../../storage/datas/imgs/bad_images/114745.jpg
114746.jpg,../../storage/datas/imgs/bad_images/114746.jpg
114747.jpg,../../storage/datas/imgs/bad_images/114747.jpg
114754.jpg,../../storage/datas/imgs/bad_images/114754.jpg
114755.jpg,../../storage/datas/imgs/bad_images/114755.jpg
114756.jpg,../../storage/datas/imgs/bad_images/114756.jpg
114757.jpg,../../storage/datas/imgs/bad_images/114757.jpg
114758.jpg,../../storage/datas/imgs/bad_images/114758.jpg
114759.jpg,../../storage/datas/imgs/bad_images/114759.jpg
114760.jpg,../../storage/datas/imgs/bad_images/114760.jpg
114761.jpg,../../storage/datas/imgs/bad_images/114761.jpg
114762.jpg,../../storage/datas/imgs/bad_images/114762.jpg
114763.jpg,../../storage/datas/imgs/bad_images/114763.jpg
114764.jpg,../../storage/datas/imgs/bad_images/114764.jpg
114765.jpg,../../storage/datas/imgs/bad_images/114765.jpg
114766.jpg,../../storage/datas/imgs/bad_images/114766.jpg
114767.jpg,../../storage/datas/imgs/bad_images/114767.jpg
114768.jpg,../../storage/datas/imgs/bad_images/114768.jpg
114769.jpg,../../storage/datas/imgs/bad_images/114769.jpg
114770.jpg,../../storage/datas/imgs/bad_images/114770.jpg
114771.jpg,../../storage/datas/imgs/bad_images/114771.jpg
114772.jpg,../../storage/datas/imgs/bad_images/114772.jpg
114773.jpg,../../storage/datas/imgs/bad_images/114773.jpg
114774.jpg,../../storage/datas/imgs/bad_images/114774.jpg
116583.jpg,../../storage/datas/imgs/bad_images/116583.jpg
116624.jpg,../../storage/datas/imgs/bad_images/116624.jpg
117994.jpg,../../storage/datas/imgs/bad_images/117994.jpg
117995.jpg,../../storage/datas/imgs/bad_images/117995.jpg
117996.jpg,../../storage/datas/imgs/bad_images/117996.jpg
117997.jpg,../../storage/datas/imgs/bad_images/117997.jpg
117998.jpg,../../storage/datas/imgs/bad_images/117998.jpg
117999.jpg,../../storage/datas/imgs/bad_images/117999.jpg
118000.jpg,../../storage/datas/imgs/bad_images/118000.jpg
118001.jpg,../../storage/datas/imgs/bad_images/118001.jpg
118002.jpg,../../storage/datas/imgs/bad_images/118002.jpg
118003.jpg,../../storage/datas/imgs/bad_images/118003.jpg
118004.jpg,../../storage/datas/imgs/bad_images/118004.jpg
118005.jpg,../../storage/datas/imgs/bad_images/118005.jpg
118348.jpg,../../storage/datas/imgs/bad_images/118348.jpg
118349.jpg,../../storage/datas/imgs/bad_images/118349.jpg
118350.jpg,../../storage/datas/imgs/bad_images/118350.jpg
118351.jpg,../../storage/datas/imgs/bad_images/118351.jpg
118823.jpg,../../storage/datas/imgs/bad_images/118823.jpg
118831.jpg,../../storage/datas/imgs/bad_images/118831.jpg
119552.jpg,../../storage/datas/imgs/bad_images/119552.jpg
119934.jpg,../../storage/datas/imgs/bad_images/119934.jpg
120135.jpg,../../storage/datas/imgs/bad_images/120135.jpg
120136.jpg,../../storage/datas/imgs/bad_images/120136.jpg
120140.jpg,../../storage/datas/imgs/bad_images/120140.jpg
120142.jpg,../../storage/datas/imgs/bad_images/120142.jpg
120143.jpg,../../storage/datas/imgs/bad_images/120143.jpg
120144.jpg,../../storage/datas/imgs/bad_images/120144.jpg
120145.jpg,../../storage/datas/imgs/bad_images/120145.jpg
120146.jpg,../../storage/datas/imgs/bad_images/120146.jpg
120147.jpg,../../storage/datas/imgs/bad_images/120147.jpg
120723.jpg,../../storage/datas/imgs/bad_images/120723.jpg
123097.jpg,../../storage/datas/imgs/bad_images/123097.jpg
123793.jpg,../../storage/datas/imgs/bad_images/123793.jpg
123952.jpg,../../storage/datas/imgs/bad_images/123952.jpg
124381.jpg,../../storage/datas/imgs/bad_images/124381.jpg
124382.jpg,../../storage/datas/imgs/bad_images/124382.jpg
124383.jpg,../../storage/datas/imgs/bad_images/124383.jpg
124384.jpg,../../storage/datas/imgs/bad_images/124384.jpg
124385.jpg,../../storage/datas/imgs/bad_images/124385.jpg
125194.jpg,../../storage/datas/imgs/bad_images/125194.jpg
125448.jpg,../../storage/datas/imgs/bad_images/125448.jpg
125449.jpg,../../storage/datas/imgs/bad_images/125449.jpg
125473.jpg,../../storage/datas/imgs/bad_images/125473.jpg
125475.jpg,../../storage/datas/imgs/bad_images/125475.jpg
125477.jpg,../../storage/datas/imgs/bad_images/125477.jpg
125478.jpg,../../storage/datas/imgs/bad_images/125478.jpg
125601.jpg,../../storage/datas/imgs/bad_images/125601.jpg
125602.jpg,../../storage/datas/imgs/bad_images/125602.jpg
126775.jpg,../../storage/datas/imgs/bad_images/126775.jpg
127227.jpg,../../storage/datas/imgs/bad_images/127227.jpg
128238.jpg,../../storage/datas/imgs/bad_images/128238.jpg
129689.jpg,../../storage/datas/imgs/bad_images/129689.jpg
129690.jpg,../../storage/datas/imgs/bad_images/129690.jpg
129691.jpg,../../storage/datas/imgs/bad_images/129691.jpg
130158.jpg,../../storage/datas/imgs/bad_images/130158.jpg
130195.jpg,../../storage/datas/imgs/bad_images/130195.jpg
130196.jpg,../../storage/datas/imgs/bad_images/130196.jpg
130197.jpg,../../storage/datas/imgs/bad_images/130197.jpg
131490.jpg,../../storage/datas/imgs/bad_images/131490.jpg
132453.jpg,../../storage/datas/imgs/bad_images/132453.jpg
132645.jpg,../../storage/datas/imgs/bad_images/132645.jpg
132646.jpg,../../storage/datas/imgs/bad_images/132646.jpg
132647.jpg,../../storage/datas/imgs/bad_images/132647.jpg
132850.jpg,../../storage/datas/imgs/bad_images/132850.jpg
132851.jpg,../../storage/datas/imgs/bad_images/132851.jpg
132852.jpg,../../storage/datas/imgs/bad_images/132852.jpg
132948.jpg,../../storage/datas/imgs/bad_images/132948.jpg
132949.jpg,../../storage/datas/imgs/bad_images/132949.jpg
132950.jpg,../../storage/datas/imgs/bad_images/132950.jpg
132951.jpg,../../storage/datas/imgs/bad_images/132951.jpg
132952.jpg,../../storage/datas/imgs/bad_images/132952.jpg
132953.jpg,../../storage/datas/imgs/bad_images/132953.jpg
132954.jpg,../../storage/datas/imgs/bad_images/132954.jpg
132955.jpg,../../storage/datas/imgs/bad_images/132955.jpg
132956.jpg,../../storage/datas/imgs/bad_images/132956.jpg
133066.jpg,../../storage/datas/imgs/bad_images/133066.jpg
133067.jpg,../../storage/datas/imgs/bad_images/133067.jpg
133068.jpg,../../storage/datas/imgs/bad_images/133068.jpg
134200.jpg,../../storage/datas/imgs/bad_images/134200.jpg
134500.jpg,../../storage/datas/imgs/bad_images/134500.jpg
134501.jpg,../../storage/datas/imgs/bad_images/134501.jpg
134502.jpg,../../storage/datas/imgs/bad_images/134502.jpg
134627.jpg,../../storage/datas/imgs/bad_images/134627.jpg
134745.jpg,../../storage/datas/imgs/bad_images/134745.jpg
135583.jpg,../../storage/datas/imgs/bad_images/135583.jpg
135584.jpg,../../storage/datas/imgs/bad_images/135584.jpg
135585.jpg,../../storage/datas/imgs/bad_images/135585.jpg
135586.jpg,../../storage/datas/imgs/bad_images/135586.jpg
135587.jpg,../../storage/datas/imgs/bad_images/135587.jpg
135588.jpg,../../storage/datas/imgs/bad_images/135588.jpg
135589.jpg,../../storage/datas/imgs/bad_images/135589.jpg
135590.jpg,../../storage/datas/imgs/bad_images/135590.jpg
135591.jpg,../../storage/datas/imgs/bad_images/135591.jpg
135592.jpg,../../storage/datas/imgs/bad_images/135592.jpg
135593.jpg,../../storage/datas/imgs/bad_images/135593.jpg
135594.jpg,../../storage/datas/imgs/bad_images/135594.jpg
136551.jpg,../../storage/datas/imgs/bad_images/136551.jpg
136677.jpg,../../storage/datas/imgs/bad_images/136677.jpg
138525.jpg,../../storage/datas/imgs/bad_images/138525.jpg
138526.jpg,../../storage/datas/imgs/bad_images/138526.jpg
138527.jpg,../../storage/datas/imgs/bad_images/138527.jpg
138528.jpg,../../storage/datas/imgs/bad_images/138528.jpg
139928.jpg,../../storage/datas/imgs/bad_images/139928.jpg
139931.jpg,../../storage/datas/imgs/bad_images/139931.jpg
140029.jpg,../../storage/datas/imgs/bad_images/140029.jpg
140030.jpg,../../storage/datas/imgs/bad_images/140030.jpg
140097.jpg,../../storage/datas/imgs/bad_images/140097.jpg
140098.jpg,../../storage/datas/imgs/bad_images/140098.jpg
140275.jpg,../../storage/datas/imgs/bad_images/140275.jpg
140576.jpg,../../storage/datas/imgs/bad_images/140576.jpg
140577.jpg,../../storage/datas/imgs/bad_images/140577.jpg
140578.jpg,../../storage/datas/imgs/bad_images/140578.jpg
141207.jpg,../../storage/datas/imgs/bad_images/141207.jpg
142546.jpg,../../storage/datas/imgs/bad_images/142546.jpg
145255.jpg,../../storage/datas/imgs/bad_images/145255.jpg
146032.jpg,../../storage/datas/imgs/bad_images/146032.jpg
148133.jpg,../../storage/datas/imgs/bad_images/148133.jpg
148134.jpg,../../storage/datas/imgs/bad_images/148134.jpg
149398.jpg,../../storage/datas/imgs/bad_images/149398.jpg
149427.jpg,../../storage/datas/imgs/bad_images/149427.jpg
149599.jpg,../../storage/datas/imgs/bad_images/149599.jpg
149600.jpg,../../storage/datas/imgs/bad_images/149600.jpg
149669.jpg,../../storage/datas/imgs/bad_images/149669.jpg
149670.jpg,../../storage/datas/imgs/bad_images/149670.jpg
149671.jpg,../../storage/datas/imgs/bad_images/149671.jpg
149672.jpg,../../storage/datas/imgs/bad_images/149672.jpg
150158.jpg,../../storage/datas/imgs/bad_images/150158.jpg
152313.jpg,../../storage/datas/imgs/bad_images/152313.jpg
153357.jpg,../../storage/datas/imgs/bad_images/153357.jpg
153993.jpg,../../storage/datas/imgs/bad_images/153993.jpg
155863.jpg,../../storage/datas/imgs/bad_images/155863.jpg
155928.jpg,../../storage/datas/imgs/bad_images/155928.jpg
155929.jpg,../../storage/datas/imgs/bad_images/155929.jpg
155930.jpg,../../storage/datas/imgs/bad_images/155930.jpg
155931.jpg,../../storage/datas/imgs/bad_images/155931.jpg
155932.jpg,../../storage/datas/imgs/bad_images/155932.jpg
155933.jpg,../../storage/datas/imgs/bad_images/155933.jpg
155934.jpg,../../storage/datas/imgs/bad_images/155934.jpg
155935.jpg,../../storage/datas/imgs/bad_images/155935.jpg
155936.jpg,../../storage/datas/imgs/bad_images/155936.jpg
155937.jpg,../../storage/datas/imgs/bad_images/155937.jpg
155938.jpg,../../storage/datas/imgs/bad_images/155938.jpg
155940.jpg,../../storage/datas/imgs/bad_images/155940.jpg
155941.jpg,../../storage/datas/imgs/bad_images/155941.jpg
155942.jpg,../../storage/datas/imgs/bad_images/155942.jpg
155943.jpg,../../storage/datas/imgs/bad_images/155943.jpg
155944.jpg,../../storage/datas/imgs/bad_images/155944.jpg
155945.jpg,../../storage/datas/imgs/bad_images/155945.jpg
155946.jpg,../../storage/datas/imgs/bad_images/155946.jpg
155947.jpg,../../storage/datas/imgs/bad_images/155947.jpg
155948.jpg,../../storage/datas/imgs/bad_images/155948.jpg
155949.jpg,../../storage/datas/imgs/bad_images/155949.jpg
155950.jpg,../../storage/datas/imgs/bad_images/155950.jpg
155951.jpg,../../storage/datas/imgs/bad_images/155951.jpg
155952.jpg,../../storage/datas/imgs/bad_images/155952.jpg
155953.jpg,../../storage/datas/imgs/bad_images/155953.jpg
155954.jpg,../../storage/datas/imgs/bad_images/155954.jpg
155955.jpg,../../storage/datas/imgs/bad_images/155955.jpg
155956.jpg,../../storage/datas/imgs/bad_images/155956.jpg
155958.jpg,../../storage/datas/imgs/bad_images/155958.jpg
155959.jpg,../../storage/datas/imgs/bad_images/155959.jpg
155960.jpg,../../storage/datas/imgs/bad_images/155960.jpg
155961.jpg,../../storage/datas/imgs/bad_images/155961.jpg
155962.jpg,../../storage/datas/imgs/bad_images/155962.jpg
155963.jpg,../../storage/datas/imgs/bad_images/155963.jpg
155964.jpg,../../storage/datas/imgs/bad_images/155964.jpg
155965.jpg,../../storage/datas/imgs/bad_images/155965.jpg
155966.jpg,../../storage/datas/imgs/bad_images/155966.jpg
155967.jpg,../../storage/datas/imgs/bad_images/155967.jpg
155968.jpg,../../storage/datas/imgs/bad_images/155968.jpg
155971.jpg,../../storage/datas/imgs/bad_images/155971.jpg
155972.jpg,../../storage/datas/imgs/bad_images/155972.jpg
155973.jpg,../../storage/datas/imgs/bad_images/155973.jpg
155974.jpg,../../storage/datas/imgs/bad_images/155974.jpg
155975.jpg,../../storage/datas/imgs/bad_images/155975.jpg
155976.jpg,../../storage/datas/imgs/bad_images/155976.jpg
155977.jpg,../../storage/datas/imgs/bad_images/155977.jpg
155978.jpg,../../storage/datas/imgs/bad_images/155978.jpg
155979.jpg,../../storage/datas/imgs/bad_images/155979.jpg
155980.jpg,../../storage/datas/imgs/bad_images/155980.jpg
155981.jpg,../../storage/datas/imgs/bad_images/155981.jpg
155982.jpg,../../storage/datas/imgs/bad_images/155982.jpg
155983.jpg,../../storage/datas/imgs/bad_images/155983.jpg
156001.jpg,../../storage/datas/imgs/bad_images/156001.jpg
156002.jpg,../../storage/datas/imgs/bad_images/156002.jpg
156003.jpg,../../storage/datas/imgs/bad_images/156003.jpg
156004.jpg,../../storage/datas/imgs/bad_images/156004.jpg
156005.jpg,../../storage/datas/imgs/bad_images/156005.jpg
156006.jpg,../../storage/datas/imgs/bad_images/156006.jpg
156007.jpg,../../storage/datas/imgs/bad_images/156007.jpg
156314.jpg,../../storage/datas/imgs/bad_images/156314.jpg
161868.jpg,../../storage/datas/imgs/bad_images/161868.jpg
166497.jpg,../../storage/datas/imgs/bad_images/166497.jpg
171405.jpg,../../storage/datas/imgs/bad_images/171405.jpg
171406.jpg,../../storage/datas/imgs/bad_images/171406.jpg
171407.jpg,../../storage/datas/imgs/bad_images/171407.jpg
171408.jpg,../../storage/datas/imgs/bad_images/171408.jpg
173019.jpg,../../storage/datas/imgs/bad_images/173019.jpg
173044.jpg,../../storage/datas/imgs/bad_images/173044.jpg
173610.jpg,../../storage/datas/imgs/bad_images/173610.jpg
173634.jpg,../../storage/datas/imgs/bad_images/173634.jpg
173712.jpg,../../storage/datas/imgs/bad_images/173712.jpg
175000.jpg,../../storage/datas/imgs/bad_images/175000.jpg
175003.jpg,../../storage/datas/imgs/bad_images/175003.jpg
177483.jpg,../../storage/datas/imgs/bad_images/177483.jpg
177719.jpg,../../storage/datas/imgs/bad_images/177719.jpg
177721.jpg,../../storage/datas/imgs/bad_images/177721.jpg
179488.jpg,../../storage/datas/imgs/bad_images/179488.jpg
180298.jpg,../../storage/datas/imgs/bad_images/180298.jpg
180299.jpg,../../storage/datas/imgs/bad_images/180299.jpg
180300.jpg,../../storage/datas/imgs/bad_images/180300.jpg
181985.jpg,../../storage/datas/imgs/bad_images/181985.jpg
182732.jpg,../../storage/datas/imgs/bad_images/182732.jpg
182792.jpg,../../storage/datas/imgs/bad_images/182792.jpg
185019.jpg,../../storage/datas/imgs/bad_images/185019.jpg
185072.jpg,../../storage/datas/imgs/bad_images/185072.jpg
185073.jpg,../../storage/datas/imgs/bad_images/185073.jpg
185533.jpg,../../storage/datas/imgs/bad_images/185533.jpg
185534.jpg,../../storage/datas/imgs/bad_images/185534.jpg
185535.jpg,../../storage/datas/imgs/bad_images/185535.jpg
185600.jpg,../../storage/datas/imgs/bad_images/185600.jpg
185601.jpg,../../storage/datas/imgs/bad_images/185601.jpg
185996.jpg,../../storage/datas/imgs/bad_images/185996.jpg
185998.jpg,../../storage/datas/imgs/bad_images/185998.jpg
185999.jpg,../../storage/datas/imgs/bad_images/185999.jpg
186065.jpg,../../storage/datas/imgs/bad_images/186065.jpg
186964.jpg,../../storage/datas/imgs/bad_images/186964.jpg
186965.jpg,../../storage/datas/imgs/bad_images/186965.jpg
186966.jpg,../../storage/datas/imgs/bad_images/186966.jpg
187175.jpg,../../storage/datas/imgs/bad_images/187175.jpg
187817.jpg,../../storage/datas/imgs/bad_images/187817.jpg
187818.jpg,../../storage/datas/imgs/bad_images/187818.jpg
187819.jpg,../../storage/datas/imgs/bad_images/187819.jpg
187820.jpg,../../storage/datas/imgs/bad_images/187820.jpg
187821.jpg,../../storage/datas/imgs/bad_images/187821.jpg
187822.jpg,../../storage/datas/imgs/bad_images/187822.jpg
187823.jpg,../../storage/datas/imgs/bad_images/187823.jpg
187994.jpg,../../storage/datas/imgs/bad_images/187994.jpg
188222.jpg,../../storage/datas/imgs/bad_images/188222.jpg
188223.jpg,../../storage/datas/imgs/bad_images/188223.jpg
188224.jpg,../../storage/datas/imgs/bad_images/188224.jpg
188225.jpg,../../storage/datas/imgs/bad_images/188225.jpg
188226.jpg,../../storage/datas/imgs/bad_images/188226.jpg
188227.jpg,../../storage/datas/imgs/bad_images/188227.jpg
188228.jpg,../../storage/datas/imgs/bad_images/188228.jpg
188229.jpg,../../storage/datas/imgs/bad_images/188229.jpg
188230.jpg,../../storage/datas/imgs/bad_images/188230.jpg
188231.jpg,../../storage/datas/imgs/bad_images/188231.jpg
188232.jpg,../../storage/datas/imgs/bad_images/188232.jpg
188233.jpg,../../storage/datas/imgs/bad_images/188233.jpg
188234.jpg,../../storage/datas/imgs/bad_images/188234.jpg
188235.jpg,../../storage/datas/imgs/bad_images/188235.jpg
188236.jpg,../../storage/datas/imgs/bad_images/188236.jpg
188272.jpg,../../storage/datas/imgs/bad_images/188272.jpg
188315.jpg,../../storage/datas/imgs/bad_images/188315.jpg
188317.jpg,../../storage/datas/imgs/bad_images/188317.jpg
188579.jpg,../../storage/datas/imgs/bad_images/188579.jpg
188580.jpg,../../storage/datas/imgs/bad_images/188580.jpg
188581.jpg,../../storage/datas/imgs/bad_images/188581.jpg
188582.jpg,../../storage/datas/imgs/bad_images/188582.jpg
188583.jpg,../../storage/datas/imgs/bad_images/188583.jpg
188584.jpg,../../storage/datas/imgs/bad_images/188584.jpg
188585.jpg,../../storage/datas/imgs/bad_images/188585.jpg
188586.jpg,../../storage/datas/imgs/bad_images/188586.jpg
188587.jpg,../../storage/datas/imgs/bad_images/188587.jpg
188588.jpg,../../storage/datas/imgs/bad_images/188588.jpg
188589.jpg,../../storage/datas/imgs/bad_images/188589.jpg
188590.jpg,../../storage/datas/imgs/bad_images/188590.jpg
188591.jpg,../../storage/datas/imgs/bad_images/188591.jpg
188592.jpg,../../storage/datas/imgs/bad_images/188592.jpg
188593.jpg,../../storage/datas/imgs/bad_images/188593.jpg
188594.jpg,../../storage/datas/imgs/bad_images/188594.jpg
190564.jpg,../../storage/datas/imgs/bad_images/190564.jpg
190565.jpg,../../storage/datas/imgs/bad_images/190565.jpg
190566.jpg,../../storage/datas/imgs/bad_images/190566.jpg
190567.jpg,../../storage/datas/imgs/bad_images/190567.jpg
190568.jpg,../../storage/datas/imgs/bad_images/190568.jpg
190569.jpg,../../storage/datas/imgs/bad_images/190569.jpg
190570.jpg,../../storage/datas/imgs/bad_images/190570.jpg
190571.jpg,../../storage/datas/imgs/bad_images/190571.jpg
190572.jpg,../../storage/datas/imgs/bad_images/190572.jpg
190573.jpg,../../storage/datas/imgs/bad_images/190573.jpg
190575.jpg,../../storage/datas/imgs/bad_images/190575.jpg
190753.jpg,../../storage/datas/imgs/bad_images/190753.jpg
190754.jpg,../../storage/datas/imgs/bad_images/190754.jpg
190755.jpg,../../storage/datas/imgs/bad_images/190755.jpg
191567.jpg,../../storage/datas/imgs/bad_images/191567.jpg
191581.jpg,../../storage/datas/imgs/bad_images/191581.jpg
191582.jpg,../../storage/datas/imgs/bad_images/191582.jpg
191675.jpg,../../storage/datas/imgs/bad_images/191675.jpg
192801.jpg,../../storage/datas/imgs/bad_images/192801.jpg
194792.jpg,../../storage/datas/imgs/bad_images/194792.jpg
195281.jpg,../../storage/datas/imgs/bad_images/195281.jpg
195900.jpg,../../storage/datas/imgs/bad_images/195900.jpg
197230.jpg,../../storage/datas/imgs/bad_images/197230.jpg
197232.jpg,../../storage/datas/imgs/bad_images/197232.jpg
198122.jpg,../../storage/datas/imgs/bad_images/198122.jpg
198123.jpg,../../storage/datas/imgs/bad_images/198123.jpg
198342.jpg,../../storage/datas/imgs/bad_images/198342.jpg
199165.jpg,../../storage/datas/imgs/bad_images/199165.jpg
199166.jpg,../../storage/datas/imgs/bad_images/199166.jpg
200779.jpg,../../storage/datas/imgs/bad_images/200779.jpg
200780.jpg,../../storage/datas/imgs/bad_images/200780.jpg
201292.jpg,../../storage/datas/imgs/bad_images/201292.jpg
201293.jpg,../../storage/datas/imgs/bad_images/201293.jpg
201528.jpg,../../storage/datas/imgs/bad_images/201528.jpg
201596.jpg,../../storage/datas/imgs/bad_images/201596.jpg
202332.jpg,../../storage/datas/imgs/bad_images/202332.jpg
202905.jpg,../../storage/datas/imgs/bad_images/202905.jpg
202908.jpg,../../storage/datas/imgs/bad_images/202908.jpg
202909.jpg,../../storage/datas/imgs/bad_images/202909.jpg
204953.jpg,../../storage/datas/imgs/bad_images/204953.jpg
205921.jpg,../../storage/datas/imgs/bad_images/205921.jpg
207378.jpg,../../storage/datas/imgs/bad_images/207378.jpg
209129.jpg,../../storage/datas/imgs/bad_images/209129.jpg
212628.jpg,../../storage/datas/imgs/bad_images/212628.jpg
212629.jpg,../../storage/datas/imgs/bad_images/212629.jpg
212999.jpg,../../storage/datas/imgs/bad_images/212999.jpg
213000.jpg,../../storage/datas/imgs/bad_images/213000.jpg
213675.jpg,../../storage/datas/imgs/bad_images/213675.jpg
213676.jpg,../../storage/datas/imgs/bad_images/213676.jpg
213677.jpg,../../storage/datas/imgs/bad_images/213677.jpg
213935.jpg,../../storage/datas/imgs/bad_images/213935.jpg
214841.jpg,../../storage/datas/imgs/bad_images/214841.jpg
215607.jpg,../../storage/datas/imgs/bad_images/215607.jpg
215608.jpg,../../storage/datas/imgs/bad_images/215608.jpg
216077.jpg,../../storage/datas/imgs/bad_images/216077.jpg
216635.jpg,../../storage/datas/imgs/bad_images/216635.jpg
216636.jpg,../../storage/datas/imgs/bad_images/216636.jpg
216638.jpg,../../storage/datas/imgs/bad_images/216638.jpg
217073.jpg,../../storage/datas/imgs/bad_images/217073.jpg
218172.jpg,../../storage/datas/imgs/bad_images/218172.jpg
218744.jpg,../../storage/datas/imgs/bad_images/218744.jpg
218745.jpg,../../storage/datas/imgs/bad_images/218745.jpg
218746.jpg,../../storage/datas/imgs/bad_images/218746.jpg
218747.jpg,../../storage/datas/imgs/bad_images/218747.jpg
218750.jpg,../../storage/datas/imgs/bad_images/218750.jpg
218751.jpg,../../storage/datas/imgs/bad_images/218751.jpg
218752.jpg,../../storage/datas/imgs/bad_images/218752.jpg
218753.jpg,../../storage/datas/imgs/bad_images/218753.jpg
218754.jpg,../../storage/datas/imgs/bad_images/218754.jpg
218755.jpg,../../storage/datas/imgs/bad_images/218755.jpg
218756.jpg,../../storage/datas/imgs/bad_images/218756.jpg
218757.jpg,../../storage/datas/imgs/bad_images/218757.jpg
218758.jpg,../../storage/datas/imgs/bad_images/218758.jpg
218759.jpg,../../storage/datas/imgs/bad_images/218759.jpg
218760.jpg,../../storage/datas/imgs/bad_images/218760.jpg
218761.jpg,../../storage/datas/imgs/bad_images/218761.jpg
218762.jpg,../../storage/datas/imgs/bad_images/218762.jpg
218765.jpg,../../storage/datas/imgs/bad_images/218765.jpg
218766.jpg,../../storage/datas/imgs/bad_images/218766.jpg
218767.jpg,../../storage/datas/imgs/bad_images/218767.jpg
218768.jpg,../../storage/datas/imgs/bad_images/218768.jpg
218769.jpg,../../storage/datas/imgs/bad_images/218769.jpg
218770.jpg,../../storage/datas/imgs/bad_images/218770.jpg
218771.jpg,../../storage/datas/imgs/bad_images/218771.jpg
218773.jpg,../../storage/datas/imgs/bad_images/218773.jpg
218774.jpg,../../storage/datas/imgs/bad_images/218774.jpg
218775.jpg,../../storage/datas/imgs/bad_images/218775.jpg
218776.jpg,../../storage/datas/imgs/bad_images/218776.jpg
218777.jpg,../../storage/datas/imgs/bad_images/218777.jpg
218778.jpg,../../storage/datas/imgs/bad_images/218778.jpg
218779.jpg,../../storage/datas/imgs/bad_images/218779.jpg
218780.jpg,../../storage/datas/imgs/bad_images/218780.jpg
218781.jpg,../../storage/datas/imgs/bad_images/218781.jpg
218782.jpg,../../storage/datas/imgs/bad_images/218782.jpg
218787.jpg,../../storage/datas/imgs/bad_images/218787.jpg
218792.jpg,../../storage/datas/imgs/bad_images/218792.jpg
218793.jpg,../../storage/datas/imgs/bad_images/218793.jpg
218796.jpg,../../storage/datas/imgs/bad_images/218796.jpg
218797.jpg,../../storage/datas/imgs/bad_images/218797.jpg
218798.jpg,../../storage/datas/imgs/bad_images/218798.jpg
218799.jpg,../../storage/datas/imgs/bad_images/218799.jpg
218802.jpg,../../storage/datas/imgs/bad_images/218802.jpg
220204.jpg,../../storage/datas/imgs/bad_images/220204.jpg
220812.jpg,../../storage/datas/imgs/bad_images/220812.jpg
220817.jpg,../../storage/datas/imgs/bad_images/220817.jpg
222268.jpg,../../storage/datas/imgs/bad_images/222268.jpg
222275.jpg,../../storage/datas/imgs/bad_images/222275.jpg
224531.jpg,../../storage/datas/imgs/bad_images/224531.jpg
224532.jpg,../../storage/datas/imgs/bad_images/224532.jpg
224533.jpg,../../storage/datas/imgs/bad_images/224533.jpg
224534.jpg,../../storage/datas/imgs/bad_images/224534.jpg
224535.jpg,../../storage/datas/imgs/bad_images/224535.jpg
224536.jpg,../../storage/datas/imgs/bad_images/224536.jpg
226058.jpg,../../storage/datas/imgs/bad_images/226058.jpg
226059.jpg,../../storage/datas/imgs/bad_images/226059.jpg
226635.jpg,../../storage/datas/imgs/bad_images/226635.jpg
227940.jpg,../../storage/datas/imgs/bad_images/227940.jpg
228937.jpg,../../storage/datas/imgs/bad_images/228937.jpg
229146.jpg,../../storage/datas/imgs/bad_images/229146.jpg
229147.jpg,../../storage/datas/imgs/bad_images/229147.jpg
231149.jpg,../../storage/datas/imgs/bad_images/231149.jpg
231607.jpg,../../storage/datas/imgs/bad_images/231607.jpg
234298.jpg,../../storage/datas/imgs/bad_images/234298.jpg
234299.jpg,../../storage/datas/imgs/bad_images/234299.jpg
234632.jpg,../../storage/datas/imgs/bad_images/234632.jpg
234652.jpg,../../storage/datas/imgs/bad_images/234652.jpg
235571.jpg,../../storage/datas/imgs/bad_images/235571.jpg
235575.jpg,../../storage/datas/imgs/bad_images/235575.jpg
235576.jpg,../../storage/datas/imgs/bad_images/235576.jpg
235577.jpg,../../storage/datas/imgs/bad_images/235577.jpg
235578.jpg,../../storage/datas/imgs/bad_images/235578.jpg
235874.jpg,../../storage/datas/imgs/bad_images/235874.jpg
235935.jpg,../../storage/datas/imgs/bad_images/235935.jpg
237250.jpg,../../storage/datas/imgs/bad_images/237250.jpg
237936.jpg,../../storage/datas/imgs/bad_images/237936.jpg
238599.jpg,../../storage/datas/imgs/bad_images/238599.jpg
238715.jpg,../../storage/datas/imgs/bad_images/238715.jpg
238730.jpg,../../storage/datas/imgs/bad_images/238730.jpg
238862.jpg,../../storage/datas/imgs/bad_images/238862.jpg
240134.jpg,../../storage/datas/imgs/bad_images/240134.jpg
241342.jpg,../../storage/datas/imgs/bad_images/241342.jpg
244641.jpg,../../storage/datas/imgs/bad_images/244641.jpg
244650.jpg,../../storage/datas/imgs/bad_images/244650.jpg
245484.jpg,../../storage/datas/imgs/bad_images/245484.jpg
247711.jpg,../../storage/datas/imgs/bad_images/247711.jpg
247989.jpg,../../storage/datas/imgs/bad_images/247989.jpg
249059.jpg,../../storage/datas/imgs/bad_images/249059.jpg
250635.jpg,../../storage/datas/imgs/bad_images/250635.jpg
250681.jpg,../../storage/datas/imgs/bad_images/250681.jpg
251186.jpg,../../storage/datas/imgs/bad_images/251186.jpg
251363.jpg,../../storage/datas/imgs/bad_images/251363.jpg
252482.jpg,../../storage/datas/imgs/bad_images/252482.jpg
261064.jpg,../../storage/datas/imgs/bad_images/261064.jpg
263429.jpg,../../storage/datas/imgs/bad_images/263429.jpg
263430.jpg,../../storage/datas/imgs/bad_images/263430.jpg
263434.jpg,../../storage/datas/imgs/bad_images/263434.jpg
264007.jpg,../../storage/datas/imgs/bad_images/264007.jpg
266180.jpg,../../storage/datas/imgs/bad_images/266180.jpg
267105.jpg,../../storage/datas/imgs/bad_images/267105.jpg
267261.jpg,../../storage/datas/imgs/bad_images/267261.jpg
270841.jpg,../../storage/datas/imgs/bad_images/270841.jpg
271402.jpg,../../storage/datas/imgs/bad_images/271402.jpg
271434.jpg,../../storage/datas/imgs/bad_images/271434.jpg
271435.jpg,../../storage/datas/imgs/bad_images/271435.jpg
271994.jpg,../../storage/datas/imgs/bad_images/271994.jpg
271995.jpg,../../storage/datas/imgs/bad_images/271995.jpg
271996.jpg,../../storage/datas/imgs/bad_images/271996.jpg
271997.jpg,../../storage/datas/imgs/bad_images/271997.jpg
274356.jpg,../../storage/datas/imgs/bad_images/274356.jpg
274880.jpg,../../storage/datas/imgs/bad_images/274880.jpg
277765.jpg,../../storage/datas/imgs/bad_images/277765.jpg
277766.jpg,../../storage/datas/imgs/bad_images/277766.jpg
277767.jpg,../../storage/datas/imgs/bad_images/277767.jpg
277768.jpg,../../storage/datas/imgs/bad_images/277768.jpg
278372.jpg,../../storage/datas/imgs/bad_images/278372.jpg
278373.jpg,../../storage/datas/imgs/bad_images/278373.jpg
278374.jpg,../../storage/datas/imgs/bad_images/278374.jpg
279357.jpg,../../storage/datas/imgs/bad_images/279357.jpg
279447.jpg,../../storage/datas/imgs/bad_images/279447.jpg
279452.jpg,../../storage/datas/imgs/bad_images/279452.jpg
282827.jpg,../../storage/datas/imgs/bad_images/282827.jpg
283560.jpg,../../storage/datas/imgs/bad_images/283560.jpg
284297.jpg,../../storage/datas/imgs/bad_images/284297.jpg
284445.jpg,../../storage/datas/imgs/bad_images/284445.jpg
284864.jpg,../../storage/datas/imgs/bad_images/284864.jpg
285117.jpg,../../storage/datas/imgs/bad_images/285117.jpg
285949.jpg,../../storage/datas/imgs/bad_images/285949.jpg
285950.jpg,../../storage/datas/imgs/bad_images/285950.jpg
286915.jpg,../../storage/datas/imgs/bad_images/286915.jpg
287476.jpg,../../storage/datas/imgs/bad_images/287476.jpg
288257.jpg,../../storage/datas/imgs/bad_images/288257.jpg
288261.jpg,../../storage/datas/imgs/bad_images/288261.jpg
289027.jpg,../../storage/datas/imgs/bad_images/289027.jpg
289028.jpg,../../storage/datas/imgs/bad_images/289028.jpg
289499.jpg,../../storage/datas/imgs/bad_images/289499.jpg
289500.jpg,../../storage/datas/imgs/bad_images/289500.jpg
290935.jpg,../../storage/datas/imgs/bad_images/290935.jpg
292792.jpg,../../storage/datas/imgs/bad_images/292792.jpg
292793.jpg,../../storage/datas/imgs/bad_images/292793.jpg
292794.jpg,../../storage/datas/imgs/bad_images/292794.jpg
292796.jpg,../../storage/datas/imgs/bad_images/292796.jpg
292797.jpg,../../storage/datas/imgs/bad_images/292797.jpg
292798.jpg,../../storage/datas/imgs/bad_images/292798.jpg
292949.jpg,../../storage/datas/imgs/bad_images/292949.jpg
293075.jpg,../../storage/datas/imgs/bad_images/293075.jpg
293076.jpg,../../storage/datas/imgs/bad_images/293076.jpg
293077.jpg,../../storage/datas/imgs/bad_images/293077.jpg
293939.jpg,../../storage/datas/imgs/bad_images/293939.jpg
294368.jpg,../../storage/datas/imgs/bad_images/294368.jpg
296051.jpg,../../storage/datas/imgs/bad_images/296051.jpg
296053.jpg,../../storage/datas/imgs/bad_images/296053.jpg
296054.jpg,../../storage/datas/imgs/bad_images/296054.jpg
296055.jpg,../../storage/datas/imgs/bad_images/296055.jpg
296056.jpg,../../storage/datas/imgs/bad_images/296056.jpg
296621.jpg,../../storage/datas/imgs/bad_images/296621.jpg
296622.jpg,../../storage/datas/imgs/bad_images/296622.jpg
296623.jpg,../../storage/datas/imgs/bad_images/296623.jpg
296624.jpg,../../storage/datas/imgs/bad_images/296624.jpg
296625.jpg,../../storage/datas/imgs/bad_images/296625.jpg
296626.jpg,../../storage/datas/imgs/bad_images/296626.jpg
296627.jpg,../../storage/datas/imgs/bad_images/296627.jpg
296738.jpg,../../storage/datas/imgs/bad_images/296738.jpg
296971.jpg,../../storage/datas/imgs/bad_images/296971.jpg
296972.jpg,../../storage/datas/imgs/bad_images/296972.jpg
298937.jpg,../../storage/datas/imgs/bad_images/298937.jpg
299539.jpg,../../storage/datas/imgs/bad_images/299539.jpg
300092.jpg,../../storage/datas/imgs/bad_images/300092.jpg
300093.jpg,../../storage/datas/imgs/bad_images/300093.jpg
300591.jpg,../../storage/datas/imgs/bad_images/300591.jpg
300964.jpg,../../storage/datas/imgs/bad_images/300964.jpg
300982.jpg,../../storage/datas/imgs/bad_images/300982.jpg
300983.jpg,../../storage/datas/imgs/bad_images/300983.jpg
300984.jpg,../../storage/datas/imgs/bad_images/300984.jpg
300985.jpg,../../storage/datas/imgs/bad_images/300985.jpg
300986.jpg,../../storage/datas/imgs/bad_images/300986.jpg
300987.jpg,../../storage/datas/imgs/bad_images/300987.jpg
301524.jpg,../../storage/datas/imgs/bad_images/301524.jpg
301525.jpg,../../storage/datas/imgs/bad_images/301525.jpg
301762.jpg,../../storage/datas/imgs/bad_images/301762.jpg
303196.jpg,../../storage/datas/imgs/bad_images/303196.jpg
305005.jpg,../../storage/datas/imgs/bad_images/305005.jpg
305233.jpg,../../storage/datas/imgs/bad_images/305233.jpg
305234.jpg,../../storage/datas/imgs/bad_images/305234.jpg
305237.jpg,../../storage/datas/imgs/bad_images/305237.jpg
305238.jpg,../../storage/datas/imgs/bad_images/305238.jpg
305239.jpg,../../storage/datas/imgs/bad_images/305239.jpg
305240.jpg,../../storage/datas/imgs/bad_images/305240.jpg
305280.jpg,../../storage/datas/imgs/bad_images/305280.jpg
306832.jpg,../../storage/datas/imgs/bad_images/306832.jpg
306833.jpg,../../storage/datas/imgs/bad_images/306833.jpg
306834.jpg,../../storage/datas/imgs/bad_images/306834.jpg
306835.jpg,../../storage/datas/imgs/bad_images/306835.jpg
306836.jpg,../../storage/datas/imgs/bad_images/306836.jpg
306837.jpg,../../storage/datas/imgs/bad_images/306837.jpg
306838.jpg,../../storage/datas/imgs/bad_images/306838.jpg
306839.jpg,../../storage/datas/imgs/bad_images/306839.jpg
306847.jpg,../../storage/datas/imgs/bad_images/306847.jpg
306848.jpg,../../storage/datas/imgs/bad_images/306848.jpg
306849.jpg,../../storage/datas/imgs/bad_images/306849.jpg
306850.jpg,../../storage/datas/imgs/bad_images/306850.jpg
306851.jpg,../../storage/datas/imgs/bad_images/306851.jpg
306852.jpg,../../storage/datas/imgs/bad_images/306852.jpg
306853.jpg,../../storage/datas/imgs/bad_images/306853.jpg
306874.jpg,../../storage/datas/imgs/bad_images/306874.jpg
306875.jpg,../../storage/datas/imgs/bad_images/306875.jpg
306876.jpg,../../storage/datas/imgs/bad_images/306876.jpg
308176.jpg,../../storage/datas/imgs/bad_images/308176.jpg
308178.jpg,../../storage/datas/imgs/bad_images/308178.jpg
308179.jpg,../../storage/datas/imgs/bad_images/308179.jpg
308329.jpg,../../storage/datas/imgs/bad_images/308329.jpg
310173.jpg,../../storage/datas/imgs/bad_images/310173.jpg
311794.jpg,../../storage/datas/imgs/bad_images/311794.jpg
312764.jpg,../../storage/datas/imgs/bad_images/312764.jpg
313012.jpg,../../storage/datas/imgs/bad_images/313012.jpg
313013.jpg,../../storage/datas/imgs/bad_images/313013.jpg
313014.jpg,../../storage/datas/imgs/bad_images/313014.jpg
313428.jpg,../../storage/datas/imgs/bad_images/313428.jpg
315118.jpg,../../storage/datas/imgs/bad_images/315118.jpg
315119.jpg,../../storage/datas/imgs/bad_images/315119.jpg
315121.jpg,../../storage/datas/imgs/bad_images/315121.jpg
315122.jpg,../../storage/datas/imgs/bad_images/315122.jpg
315123.jpg,../../storage/datas/imgs/bad_images/315123.jpg
315124.jpg,../../storage/datas/imgs/bad_images/315124.jpg
315265.jpg,../../storage/datas/imgs/bad_images/315265.jpg
315464.jpg,../../storage/datas/imgs/bad_images/315464.jpg
315532.jpg,../../storage/datas/imgs/bad_images/315532.jpg
317205.jpg,../../storage/datas/imgs/bad_images/317205.jpg
317206.jpg,../../storage/datas/imgs/bad_images/317206.jpg
317207.jpg,../../storage/datas/imgs/bad_images/317207.jpg
317208.jpg,../../storage/datas/imgs/bad_images/317208.jpg
317209.jpg,../../storage/datas/imgs/bad_images/317209.jpg
317210.jpg,../../storage/datas/imgs/bad_images/317210.jpg
317211.jpg,../../storage/datas/imgs/bad_images/317211.jpg
317212.jpg,../../storage/datas/imgs/bad_images/317212.jpg
317213.jpg,../../storage/datas/imgs/bad_images/317213.jpg
317214.jpg,../../storage/datas/imgs/bad_images/317214.jpg
317215.jpg,../../storage/datas/imgs/bad_images/317215.jpg
317216.jpg,../../storage/datas/imgs/bad_images/317216.jpg
317217.jpg,../../storage/datas/imgs/bad_images/317217.jpg
317218.jpg,../../storage/datas/imgs/bad_images/317218.jpg
317219.jpg,../../storage/datas/imgs/bad_images/317219.jpg
317220.jpg,../../storage/datas/imgs/bad_images/317220.jpg
317221.jpg,../../storage/datas/imgs/bad_images/317221.jpg
317222.jpg,../../storage/datas/imgs/bad_images/317222.jpg
317223.jpg,../../storage/datas/imgs/bad_images/317223.jpg
317224.jpg,../../storage/datas/imgs/bad_images/317224.jpg
317225.jpg,../../storage/datas/imgs/bad_images/317225.jpg
317226.jpg,../../storage/datas/imgs/bad_images/317226.jpg
317240.jpg,../../storage/datas/imgs/bad_images/317240.jpg
319912.jpg,../../storage/datas/imgs/bad_images/319912.jpg
323074.jpg,../../storage/datas/imgs/bad_images/323074.jpg
328777.jpg,../../storage/datas/imgs/bad_images/328777.jpg
328778.jpg,../../storage/datas/imgs/bad_images/328778.jpg
328779.jpg,../../storage/datas/imgs/bad_images/328779.jpg
329156.jpg,../../storage/datas/imgs/bad_images/329156.jpg
330217.jpg,../../storage/datas/imgs/bad_images/330217.jpg
332110.jpg,../../storage/datas/imgs/bad_images/332110.jpg
332136.jpg,../../storage/datas/imgs/bad_images/332136.jpg
332275.jpg,../../storage/datas/imgs/bad_images/332275.jpg
332644.jpg,../../storage/datas/imgs/bad_images/332644.jpg
335374.jpg,../../storage/datas/imgs/bad_images/335374.jpg
336601.jpg,../../storage/datas/imgs/bad_images/336601.jpg
336602.jpg,../../storage/datas/imgs/bad_images/336602.jpg
336603.jpg,../../storage/datas/imgs/bad_images/336603.jpg
336862.jpg,../../storage/datas/imgs/bad_images/336862.jpg
336863.jpg,../../storage/datas/imgs/bad_images/336863.jpg
338531.jpg,../../storage/datas/imgs/bad_images/338531.jpg
340037.jpg,../../storage/datas/imgs/bad_images/340037.jpg
340612.jpg,../../storage/datas/imgs/bad_images/340612.jpg
341203.jpg,../../storage/datas/imgs/bad_images/341203.jpg
341883.jpg,../../storage/datas/imgs/bad_images/341883.jpg
344792.jpg,../../storage/datas/imgs/bad_images/344792.jpg
346026.jpg,../../storage/datas/imgs/bad_images/346026.jpg
346467.jpg,../../storage/datas/imgs/bad_images/346467.jpg
349599.jpg,../../storage/datas/imgs/bad_images/349599.jpg
349600.jpg,../../storage/datas/imgs/bad_images/349600.jpg
350430.jpg,../../storage/datas/imgs/bad_images/350430.jpg
350432.jpg,../../storage/datas/imgs/bad_images/350432.jpg
350433.jpg,../../storage/datas/imgs/bad_images/350433.jpg
350434.jpg,../../storage/datas/imgs/bad_images/350434.jpg
350435.jpg,../../storage/datas/imgs/bad_images/350435.jpg
351781.jpg,../../storage/datas/imgs/bad_images/351781.jpg
353400.jpg,../../storage/datas/imgs/bad_images/353400.jpg
353911.jpg,../../storage/datas/imgs/bad_images/353911.jpg
354099.jpg,../../storage/datas/imgs/bad_images/354099.jpg
354100.jpg,../../storage/datas/imgs/bad_images/354100.jpg
354368.jpg,../../storage/datas/imgs/bad_images/354368.jpg
354879.jpg,../../storage/datas/imgs/bad_images/354879.jpg
354881.jpg,../../storage/datas/imgs/bad_images/354881.jpg
356443.jpg,../../storage/datas/imgs/bad_images/356443.jpg
356735.jpg,../../storage/datas/imgs/bad_images/356735.jpg
357498.jpg,../../storage/datas/imgs/bad_images/357498.jpg
358032.jpg,../../storage/datas/imgs/bad_images/358032.jpg
358737.jpg,../../storage/datas/imgs/bad_images/358737.jpg
359298.jpg,../../storage/datas/imgs/bad_images/359298.jpg
359302.jpg,../../storage/datas/imgs/bad_images/359302.jpg
359303.jpg,../../storage/datas/imgs/bad_images/359303.jpg
359304.jpg,../../storage/datas/imgs/bad_images/359304.jpg
359306.jpg,../../storage/datas/imgs/bad_images/359306.jpg
364508.jpg,../../storage/datas/imgs/bad_images/364508.jpg
365782.jpg,../../storage/datas/imgs/bad_images/365782.jpg
365783.jpg,../../storage/datas/imgs/bad_images/365783.jpg
365784.jpg,../../storage/datas/imgs/bad_images/365784.jpg
365894.jpg,../../storage/datas/imgs/bad_images/365894.jpg
373163.jpg,../../storage/datas/imgs/bad_images/373163.jpg
374468.jpg,../../storage/datas/imgs/bad_images/374468.jpg
374469.jpg,../../storage/datas/imgs/bad_images/374469.jpg
374720.jpg,../../storage/datas/imgs/bad_images/374720.jpg
374721.jpg,../../storage/datas/imgs/bad_images/374721.jpg
374722.jpg,../../storage/datas/imgs/bad_images/374722.jpg
374723.jpg,../../storage/datas/imgs/bad_images/374723.jpg
374724.jpg,../../storage/datas/imgs/bad_images/374724.jpg
374884.jpg,../../storage/datas/imgs/bad_images/374884.jpg
374885.jpg,../../storage/datas/imgs/bad_images/374885.jpg
374886.jpg,../../storage/datas/imgs/bad_images/374886.jpg
374887.jpg,../../storage/datas/imgs/bad_images/374887.jpg
374888.jpg,../../storage/datas/imgs/bad_images/374888.jpg
374889.jpg,../../storage/datas/imgs/bad_images/374889.jpg
374890.jpg,../../storage/datas/imgs/bad_images/374890.jpg
374891.jpg,../../storage/datas/imgs/bad_images/374891.jpg
374893.jpg,../../storage/datas/imgs/bad_images/374893.jpg
374894.jpg,../../storage/datas/imgs/bad_images/374894.jpg
374895.jpg,../../storage/datas/imgs/bad_images/374895.jpg
374896.jpg,../../storage/datas/imgs/bad_images/374896.jpg
374897.jpg,../../storage/datas/imgs/bad_images/374897.jpg
374898.jpg,../../storage/datas/imgs/bad_images/374898.jpg
374899.jpg,../../storage/datas/imgs/bad_images/374899.jpg
374902.jpg,../../storage/datas/imgs/bad_images/374902.jpg
375541.jpg,../../storage/datas/imgs/bad_images/375541.jpg
375615.jpg,../../storage/datas/imgs/bad_images/375615.jpg
376018.jpg,../../storage/datas/imgs/bad_images/376018.jpg
376663.jpg,../../storage/datas/imgs/bad_images/376663.jpg
376798.jpg,../../storage/datas/imgs/bad_images/376798.jpg
376799.jpg,../../storage/datas/imgs/bad_images/376799.jpg
377307.jpg,../../storage/datas/imgs/bad_images/377307.jpg
377626.jpg,../../storage/datas/imgs/bad_images/377626.jpg
377894.jpg,../../storage/datas/imgs/bad_images/377894.jpg
378839.jpg,../../storage/datas/imgs/bad_images/378839.jpg
379101.jpg,../../storage/datas/imgs/bad_images/379101.jpg
379122.jpg,../../storage/datas/imgs/bad_images/379122.jpg
379395.jpg,../../storage/datas/imgs/bad_images/379395.jpg
381247.jpg,../../storage/datas/imgs/bad_images/381247.jpg
381949.jpg,../../storage/datas/imgs/bad_images/381949.jpg
382869.jpg,../../storage/datas/imgs/bad_images/382869.jpg
383038.jpg,../../storage/datas/imgs/bad_images/383038.jpg
384498.jpg,../../storage/datas/imgs/bad_images/384498.jpg
385178.jpg,../../storage/datas/imgs/bad_images/385178.jpg
385180.jpg,../../storage/datas/imgs/bad_images/385180.jpg
385273.jpg,../../storage/datas/imgs/bad_images/385273.jpg
385274.jpg,../../storage/datas/imgs/bad_images/385274.jpg
385275.jpg,../../storage/datas/imgs/bad_images/385275.jpg
385276.jpg,../../storage/datas/imgs/bad_images/385276.jpg
385580.jpg,../../storage/datas/imgs/bad_images/385580.jpg
385581.jpg,../../storage/datas/imgs/bad_images/385581.jpg
385582.jpg,../../storage/datas/imgs/bad_images/385582.jpg
389276.jpg,../../storage/datas/imgs/bad_images/389276.jpg
389467.jpg,../../storage/datas/imgs/bad_images/389467.jpg
390084.jpg,../../storage/datas/imgs/bad_images/390084.jpg
390163.jpg,../../storage/datas/imgs/bad_images/390163.jpg
390554.jpg,../../storage/datas/imgs/bad_images/390554.jpg
391832.jpg,../../storage/datas/imgs/bad_images/391832.jpg
391833.jpg,../../storage/datas/imgs/bad_images/391833.jpg
391834.jpg,../../storage/datas/imgs/bad_images/391834.jpg
391835.jpg,../../storage/datas/imgs/bad_images/391835.jpg
391836.jpg,../../storage/datas/imgs/bad_images/391836.jpg
391837.jpg,../../storage/datas/imgs/bad_images/391837.jpg
394655.jpg,../../storage/datas/imgs/bad_images/394655.jpg
394764.jpg,../../storage/datas/imgs/bad_images/394764.jpg
395447.jpg,../../storage/datas/imgs/bad_images/395447.jpg
398671.jpg,../../storage/datas/imgs/bad_images/398671.jpg
398672.jpg,../../storage/datas/imgs/bad_images/398672.jpg
399434.jpg,../../storage/datas/imgs/bad_images/399434.jpg
399435.jpg,../../storage/datas/imgs/bad_images/399435.jpg
400639.jpg,../../storage/datas/imgs/bad_images/400639.jpg
401551.jpg,../../storage/datas/imgs/bad_images/401551.jpg
402190.jpg,../../storage/datas/imgs/bad_images/402190.jpg
402601.jpg,../../storage/datas/imgs/bad_images/402601.jpg
402602.jpg,../../storage/datas/imgs/bad_images/402602.jpg
402603.jpg,../../storage/datas/imgs/bad_images/402603.jpg
402604.jpg,../../storage/datas/imgs/bad_images/402604.jpg
402605.jpg,../../storage/datas/imgs/bad_images/402605.jpg
402606.jpg,../../storage/datas/imgs/bad_images/402606.jpg
404139.jpg,../../storage/datas/imgs/bad_images/404139.jpg
404214.jpg,../../storage/datas/imgs/bad_images/404214.jpg
404855.jpg,../../storage/datas/imgs/bad_images/404855.jpg
404886.jpg,../../storage/datas/imgs/bad_images/404886.jpg
405147.jpg,../../storage/datas/imgs/bad_images/405147.jpg
405161.jpg,../../storage/datas/imgs/bad_images/405161.jpg
405165.jpg,../../storage/datas/imgs/bad_images/405165.jpg
405166.jpg,../../storage/datas/imgs/bad_images/405166.jpg
405167.jpg,../../storage/datas/imgs/bad_images/405167.jpg
405168.jpg,../../storage/datas/imgs/bad_images/405168.jpg
405170.jpg,../../storage/datas/imgs/bad_images/405170.jpg
405171.jpg,../../storage/datas/imgs/bad_images/405171.jpg
405172.jpg,../../storage/datas/imgs/bad_images/405172.jpg
406079.jpg,../../storage/datas/imgs/bad_images/406079.jpg
408391.jpg,../../storage/datas/imgs/bad_images/408391.jpg
408392.jpg,../../storage/datas/imgs/bad_images/408392.jpg
408393.jpg,../../storage/datas/imgs/bad_images/408393.jpg
408394.jpg,../../storage/datas/imgs/bad_images/408394.jpg
408942.jpg,../../storage/datas/imgs/bad_images/408942.jpg
409627.jpg,../../storage/datas/imgs/bad_images/409627.jpg
409628.jpg,../../storage/datas/imgs/bad_images/409628.jpg
409780.jpg,../../storage/datas/imgs/bad_images/409780.jpg
410129.jpg,../../storage/datas/imgs/bad_images/410129.jpg
410170.jpg,../../storage/datas/imgs/bad_images/410170.jpg
413399.jpg,../../storage/datas/imgs/bad_images/413399.jpg
413422.jpg,../../storage/datas/imgs/bad_images/413422.jpg
413423.jpg,../../storage/datas/imgs/bad_images/413423.jpg
414085.jpg,../../storage/datas/imgs/bad_images/414085.jpg
414679.jpg,../../storage/datas/imgs/bad_images/414679.jpg
415566.jpg,../../storage/datas/imgs/bad_images/415566.jpg
415567.jpg,../../storage/datas/imgs/bad_images/415567.jpg
417432.jpg,../../storage/datas/imgs/bad_images/417432.jpg
418239.jpg,../../storage/datas/imgs/bad_images/418239.jpg
418432.jpg,../../storage/datas/imgs/bad_images/418432.jpg
418636.jpg,../../storage/datas/imgs/bad_images/418636.jpg
418637.jpg,../../storage/datas/imgs/bad_images/418637.jpg
420804.jpg,../../storage/datas/imgs/bad_images/420804.jpg
420805.jpg,../../storage/datas/imgs/bad_images/420805.jpg
420806.jpg,../../storage/datas/imgs/bad_images/420806.jpg
420807.jpg,../../storage/datas/imgs/bad_images/420807.jpg
420808.jpg,../../storage/datas/imgs/bad_images/420808.jpg
420809.jpg,../../storage/datas/imgs/bad_images/420809.jpg
420810.jpg,../../storage/datas/imgs/bad_images/420810.jpg
420811.jpg,../../storage/datas/imgs/bad_images/420811.jpg
420812.jpg,../../storage/datas/imgs/bad_images/420812.jpg
420813.jpg,../../storage/datas/imgs/bad_images/420813.jpg
420814.jpg,../../storage/datas/imgs/bad_images/420814.jpg
420815.jpg,../../storage/datas/imgs/bad_images/420815.jpg
420816.jpg,../../storage/datas/imgs/bad_images/420816.jpg
420817.jpg,../../storage/datas/imgs/bad_images/420817.jpg
420818.jpg,../../storage/datas/imgs/bad_images/420818.jpg
420819.jpg,../../storage/datas/imgs/bad_images/420819.jpg
421131.jpg,../../storage/datas/imgs/bad_images/421131.jpg
421260.jpg,../../storage/datas/imgs/bad_images/421260.jpg
423209.jpg,../../storage/datas/imgs/bad_images/423209.jpg
423815.jpg,../../storage/datas/imgs/bad_images/423815.jpg
425006.jpg,../../storage/datas/imgs/bad_images/425006.jpg
426383.jpg,../../storage/datas/imgs/bad_images/426383.jpg
426384.jpg,../../storage/datas/imgs/bad_images/426384.jpg
426385.jpg,../../storage/datas/imgs/bad_images/426385.jpg
428552.jpg,../../storage/datas/imgs/bad_images/428552.jpg
429037.jpg,../../storage/datas/imgs/bad_images/429037.jpg
429147.jpg,../../storage/datas/imgs/bad_images/429147.jpg
429427.jpg,../../storage/datas/imgs/bad_images/429427.jpg
429617.jpg,../../storage/datas/imgs/bad_images/429617.jpg
430008.jpg,../../storage/datas/imgs/bad_images/430008.jpg
430014.jpg,../../storage/datas/imgs/bad_images/430014.jpg
435422.jpg,../../storage/datas/imgs/bad_images/435422.jpg
438851.jpg,../../storage/datas/imgs/bad_images/438851.jpg
438852.jpg,../../storage/datas/imgs/bad_images/438852.jpg
438858.jpg,../../storage/datas/imgs/bad_images/438858.jpg
440365.jpg,../../storage/datas/imgs/bad_images/440365.jpg
441620.jpg,../../storage/datas/imgs/bad_images/441620.jpg
442213.jpg,../../storage/datas/imgs/bad_images/442213.jpg
442298.jpg,../../storage/datas/imgs/bad_images/442298.jpg
445749.jpg,../../storage/datas/imgs/bad_images/445749.jpg
447012.jpg,../../storage/datas/imgs/bad_images/447012.jpg
448330.jpg,../../storage/datas/imgs/bad_images/448330.jpg
461796.jpg,../../storage/datas/imgs/bad_images/461796.jpg
462582.jpg,../../storage/datas/imgs/bad_images/462582.jpg
462891.jpg,../../storage/datas/imgs/bad_images/462891.jpg
470675.jpg,../../storage/datas/imgs/bad_images/470675.jpg
470678.jpg,../../storage/datas/imgs/bad_images/470678.jpg
470679.jpg,../../storage/datas/imgs/bad_images/470679.jpg
470680.jpg,../../storage/datas/imgs/bad_images/470680.jpg
470681.jpg,../../storage/datas/imgs/bad_images/470681.jpg
470682.jpg,../../storage/datas/imgs/bad_images/470682.jpg
470683.jpg,../../storage/datas/imgs/bad_images/470683.jpg
471532.jpg,../../storage/datas/imgs/bad_images/471532.jpg
472963.jpg,../../storage/datas/imgs/bad_images/472963.jpg
480154.jpg,../../storage/datas/imgs/bad_images/480154.jpg
480488.jpg,../../storage/datas/imgs/bad_images/480488.jpg
480763.jpg,../../storage/datas/imgs/bad_images/480763.jpg
482429.jpg,../../storage/datas/imgs/bad_images/482429.jpg
483871.jpg,../../storage/datas/imgs/bad_images/483871.jpg
483948.jpg,../../storage/datas/imgs/bad_images/483948.jpg
488643.jpg,../../storage/datas/imgs/bad_images/488643.jpg
488733.jpg,../../storage/datas/imgs/bad_images/488733.jpg
490855.jpg,../../storage/datas/imgs/bad_images/490855.jpg
491570.jpg,../../storage/datas/imgs/bad_images/491570.jpg
491578.jpg,../../storage/datas/imgs/bad_images/491578.jpg
491582.jpg,../../storage/datas/imgs/bad_images/491582.jpg
494654.jpg,../../storage/datas/imgs/bad_images/494654.jpg
498125.jpg,../../storage/datas/imgs/bad_images/498125.jpg
498127.jpg,../../storage/datas/imgs/bad_images/498127.jpg
503901.jpg,../../storage/datas/imgs/bad_images/503901.jpg
504170.jpg,../../storage/datas/imgs/bad_images/504170.jpg
505561.jpg,../../storage/datas/imgs/bad_images/505561.jpg
510771.jpg,../../storage/datas/imgs/bad_images/510771.jpg
512230.jpg,../../storage/datas/imgs/bad_images/512230.jpg
513062.jpg,../../storage/datas/imgs/bad_images/513062.jpg
513322.jpg,../../storage/datas/imgs/bad_images/513322.jpg
515176.jpg,../../storage/datas/imgs/bad_images/515176.jpg
519242.jpg,../../storage/datas/imgs/bad_images/519242.jpg
519271.jpg,../../storage/datas/imgs/bad_images/519271.jpg
519984.jpg,../../storage/datas/imgs/bad_images/519984.jpg
525499.jpg,../../storage/datas/imgs/bad_images/525499.jpg
525508.jpg,../../storage/datas/imgs/bad_images/525508.jpg
531348.jpg,../../storage/datas/imgs/bad_images/531348.jpg
538178.jpg,../../storage/datas/imgs/bad_images/538178.jpg
538179.jpg,../../storage/datas/imgs/bad_images/538179.jpg
539118.jpg,../../storage/datas/imgs/bad_images/539118.jpg
540908.jpg,../../storage/datas/imgs/bad_images/540908.jpg
544888.jpg,../../storage/datas/imgs/bad_images/544888.jpg
545368.jpg,../../storage/datas/imgs/bad_images/545368.jpg
558794.jpg,../../storage/datas/imgs/bad_images/558794.jpg
560632.jpg,../../storage/datas/imgs/bad_images/560632.jpg
560633.jpg,../../storage/datas/imgs/bad_images/560633.jpg
560634.jpg,../../storage/datas/imgs/bad_images/560634.jpg
560635.jpg,../../storage/datas/imgs/bad_images/560635.jpg
560636.jpg,../../storage/datas/imgs/bad_images/560636.jpg
563375.jpg,../../storage/datas/imgs/bad_images/563375.jpg
563804.jpg,../../storage/datas/imgs/bad_images/563804.jpg
564577.jpg,../../storage/datas/imgs/bad_images/564577.jpg
565086.jpg,../../storage/datas/imgs/bad_images/565086.jpg
567518.jpg,../../storage/datas/imgs/bad_images/567518.jpg
570856.jpg,../../storage/datas/imgs/bad_images/570856.jpg
570857.jpg,../../storage/datas/imgs/bad_images/570857.jpg
570858.jpg,../../storage/datas/imgs/bad_images/570858.jpg
570859.jpg,../../storage/datas/imgs/bad_images/570859.jpg
570862.jpg,../../storage/datas/imgs/bad_images/570862.jpg
570864.jpg,../../storage/datas/imgs/bad_images/570864.jpg
570865.jpg,../../storage/datas/imgs/bad_images/570865.jpg
570866.jpg,../../storage/datas/imgs/bad_images/570866.jpg
570867.jpg,../../storage/datas/imgs/bad_images/570867.jpg
570868.jpg,../../storage/datas/imgs/bad_images/570868.jpg
570869.jpg,../../storage/datas/imgs/bad_images/570869.jpg
571181.jpg,../../storage/datas/imgs/bad_images/571181.jpg
571182.jpg,../../storage/datas/imgs/bad_images/571182.jpg
571183.jpg,../../storage/datas/imgs/bad_images/571183.jpg
571184.jpg,../../storage/datas/imgs/bad_images/571184.jpg
571516.jpg,../../storage/datas/imgs/bad_images/571516.jpg
574036.jpg,../../storage/datas/imgs/bad_images/574036.jpg
574949.jpg,../../storage/datas/imgs/bad_images/574949.jpg
576859.jpg,../../storage/datas/imgs/bad_images/576859.jpg
578301.jpg,../../storage/datas/imgs/bad_images/578301.jpg
580193.jpg,../../storage/datas/imgs/bad_images/580193.jpg
582667.jpg,../../storage/datas/imgs/bad_images/582667.jpg
582668.jpg,../../storage/datas/imgs/bad_images/582668.jpg
583340.jpg,../../storage/datas/imgs/bad_images/583340.jpg
584034.jpg,../../storage/datas/imgs/bad_images/584034.jpg
585219.jpg,../../storage/datas/imgs/bad_images/585219.jpg
585704.jpg,../../storage/datas/imgs/bad_images/585704.jpg
586776.jpg,../../storage/datas/imgs/bad_images/586776.jpg
587665.jpg,../../storage/datas/imgs/bad_images/587665.jpg
588789.jpg,../../storage/datas/imgs/bad_images/588789.jpg
588790.jpg,../../storage/datas/imgs/bad_images/588790.jpg
588795.jpg,../../storage/datas/imgs/bad_images/588795.jpg
589327.jpg,../../storage/datas/imgs/bad_images/589327.jpg
589817.jpg,../../storage/datas/imgs/bad_images/589817.jpg
590754.jpg,../../storage/datas/imgs/bad_images/590754.jpg
591665.jpg,../../storage/datas/imgs/bad_images/591665.jpg
591867.jpg,../../storage/datas/imgs/bad_images/591867.jpg
591868.jpg,../../storage/datas/imgs/bad_images/591868.jpg
592141.jpg,../../storage/datas/imgs/bad_images/592141.jpg
595050.jpg,../../storage/datas/imgs/bad_images/595050.jpg
595053.jpg,../../storage/datas/imgs/bad_images/595053.jpg
595057.jpg,../../storage/datas/imgs/bad_images/595057.jpg
595066.jpg,../../storage/datas/imgs/bad_images/595066.jpg
595067.jpg,../../storage/datas/imgs/bad_images/595067.jpg
595068.jpg,../../storage/datas/imgs/bad_images/595068.jpg
596881.jpg,../../storage/datas/imgs/bad_images/596881.jpg
598688.jpg,../../storage/datas/imgs/bad_images/598688.jpg
599411.jpg,../../storage/datas/imgs/bad_images/599411.jpg
599412.jpg,../../storage/datas/imgs/bad_images/599412.jpg
605481.jpg,../../storage/datas/imgs/bad_images/605481.jpg
606544.jpg,../../storage/datas/imgs/bad_images/606544.jpg
608208.jpg,../../storage/datas/imgs/bad_images/608208.jpg
608209.jpg,../../storage/datas/imgs/bad_images/608209.jpg
608909.jpg,../../storage/datas/imgs/bad_images/608909.jpg
612830.jpg,../../storage/datas/imgs/bad_images/612830.jpg
618004.jpg,../../storage/datas/imgs/bad_images/618004.jpg
618005.jpg,../../storage/datas/imgs/bad_images/618005.jpg
620322.jpg,../../storage/datas/imgs/bad_images/620322.jpg
620746.jpg,../../storage/datas/imgs/bad_images/620746.jpg
620778.jpg,../../storage/datas/imgs/bad_images/620778.jpg
624424.jpg,../../storage/datas/imgs/bad_images/624424.jpg
624425.jpg,../../storage/datas/imgs/bad_images/624425.jpg
624728.jpg,../../storage/datas/imgs/bad_images/624728.jpg
625321.jpg,../../storage/datas/imgs/bad_images/625321.jpg
626749.jpg,../../storage/datas/imgs/bad_images/626749.jpg
626750.jpg,../../storage/datas/imgs/bad_images/626750.jpg
629624.jpg,../../storage/datas/imgs/bad_images/629624.jpg
630383.jpg,../../storage/datas/imgs/bad_images/630383.jpg
630602.jpg,../../storage/datas/imgs/bad_images/630602.jpg
631623.jpg,../../storage/datas/imgs/bad_images/631623.jpg
638834.jpg,../../storage/datas/imgs/bad_images/638834.jpg
641786.jpg,../../storage/datas/imgs/bad_images/641786.jpg
642843.jpg,../../storage/datas/imgs/bad_images/642843.jpg
644256.jpg,../../storage/datas/imgs/bad_images/644256.jpg
645676.jpg,../../storage/datas/imgs/bad_images/645676.jpg
650913.jpg,../../storage/datas/imgs/bad_images/650913.jpg
651243.jpg,../../storage/datas/imgs/bad_images/651243.jpg
651246.jpg,../../storage/datas/imgs/bad_images/651246.jpg
651247.jpg,../../storage/datas/imgs/bad_images/651247.jpg
657296.jpg,../../storage/datas/imgs/bad_images/657296.jpg
672597.jpg,../../storage/datas/imgs/bad_images/672597.jpg
676246.jpg,../../storage/datas/imgs/bad_images/676246.jpg
677895.jpg,../../storage/datas/imgs/bad_images/677895.jpg
680378.jpg,../../storage/datas/imgs/bad_images/680378.jpg
684234.jpg,../../storage/datas/imgs/bad_images/684234.jpg
684238.jpg,../../storage/datas/imgs/bad_images/684238.jpg
686219.jpg,../../storage/datas/imgs/bad_images/686219.jpg
690050.jpg,../../storage/datas/imgs/bad_images/690050.jpg
690377.jpg,../../storage/datas/imgs/bad_images/690377.jpg
690385.jpg,../../storage/datas/imgs/bad_images/690385.jpg
690386.jpg,../../storage/datas/imgs/bad_images/690386.jpg
690387.jpg,../../storage/datas/imgs/bad_images/690387.jpg
690388.jpg,../../storage/datas/imgs/bad_images/690388.jpg
690389.jpg,../../storage/datas/imgs/bad_images/690389.jpg
690390.jpg,../../storage/datas/imgs/bad_images/690390.jpg
690417.jpg,../../storage/datas/imgs/bad_images/690417.jpg
690608.jpg,../../storage/datas/imgs/bad_images/690608.jpg
690609.jpg,../../storage/datas/imgs/bad_images/690609.jpg
690610.jpg,../../storage/datas/imgs/bad_images/690610.jpg
690611.jpg,../../storage/datas/imgs/bad_images/690611.jpg
690612.jpg,../../storage/datas/imgs/bad_images/690612.jpg
691490.jpg,../../storage/datas/imgs/bad_images/691490.jpg
693050.jpg,../../storage/datas/imgs/bad_images/693050.jpg
696501.jpg,../../storage/datas/imgs/bad_images/696501.jpg
696718.jpg,../../storage/datas/imgs/bad_images/696718.jpg
697532.jpg,../../storage/datas/imgs/bad_images/697532.jpg
697533.jpg,../../storage/datas/imgs/bad_images/697533.jpg
697534.jpg,../../storage/datas/imgs/bad_images/697534.jpg
697535.jpg,../../storage/datas/imgs/bad_images/697535.jpg
697536.jpg,../../storage/datas/imgs/bad_images/697536.jpg
697537.jpg,../../storage/datas/imgs/bad_images/697537.jpg
697712.jpg,../../storage/datas/imgs/bad_images/697712.jpg
699237.jpg,../../storage/datas/imgs/bad_images/699237.jpg
